station_id,time,longitude,latitude,AtmosphericPressure,WindDirection,WindSpeed,Gust,WaveHeight,WavePeriod,AirTemperature,SeaTemperature
,UTC,degrees_east,degrees_north,millibars,degrees true,knots,knots,meters,seconds,degrees_C,degrees_C
M2,2026-10-05T12:00:00Z,-5.4302,53.4836,1020.63,206.0,12.751,16.053,1.172,4.453,16.172,15.057
M3,2026-10-05T12:00:00Z,-10.548261,51.215956,1023.425,256.0,10.929,14.8,2.109,6.211,16.563,15.591
M5,2026-10-05T12:00:00Z,-6.704336,51.690425,1023.499,237.0,13.32,18.329,1.289,4.219,16.514,16.666
M6,2026-10-05T12:00:00Z,-15.88135,53.07482,1020.959,330.0,9.905,13.206,2.461,6.563,12.51,14.795
M2,2026-10-05T13:00:00Z,-5.4302,53.4836,1020.337,210.0,10.019,12.979,1.172,4.219,16.221,15.084
M3,2026-10-05T13:00:00Z,-10.548261,51.215956,1023.181,268.0,11.612,14.914,2.109,6.328,16.27,15.758
M5,2026-10-05T13:00:00Z,-6.704336,51.690425,1023.035,240.0,13.092,17.533,1.406,4.102,16.465,16.685
M6,2026-10-05T13:00:00Z,-15.88135,53.07482,1021.082,343.0,10.246,13.32,2.461,6.797,11.924,14.799
M2,2026-10-05T14:00:00Z,-5.4302,53.4836,1019.922,198.0,13.662,19.354,1.172,4.102,16.318,15.099
M3,2026-10-05T14:00:00Z,-10.548261,51.215956,1022.632,254.0,11.954,16.622,2.344,6.68,16.172,15.723
M5,2026-10-05T14:00:00Z,-6.704336,51.690425,1022.571,239.0,13.548,17.191,1.289,4.102,16.416,16.694
M6,2026-10-05T14:00:00Z,-15.88135,53.07482,1020.63,355.0,7.4,11.499,2.344,7.031,12.363,14.802
M2,2026-10-05T15:00:00Z,-5.4302,53.4836,1019.58,188.0,13.32,16.053,1.172,3.867,15.977,15.101
M3,2026-10-05T15:00:00Z,-10.548261,51.215956,1022.18,254.0,11.271,15.369,2.109,6.563,16.221,15.676
M5,2026-10-05T15:00:00Z,-6.704336,51.690425,1022.18,246.0,12.296,16.28,1.289,4.102,16.416,16.719
M6,2026-10-05T15:00:00Z,-15.88135,53.07482,1020.728,349.0,10.588,14.231,2.227,7.031,11.68,14.802
