datetime,value
2026-10-04 00:00,2.112
2026-10-04 00:15,2.112
2026-10-04 00:30,2.111
2026-10-04 00:45,2.111
2026-10-04 01:00,2.112
2026-10-04 01:15,2.112
2026-10-04 01:30,2.112
2026-10-04 01:45,2.111
2026-10-04 02:00,2.11
2026-10-04 02:15,2.112
2026-10-04 02:30,2.111
2026-10-04 02:45,2.111
2026-10-04 03:00,2.112
2026-10-04 03:15,2.112
2026-10-04 03:30,2.112
2026-10-04 03:45,2.111
2026-10-04 04:00,2.111
2026-10-04 04:15,2.111
2026-10-04 04:30,2.111
2026-10-04 04:45,2.111
2026-10-04 05:00,2.111
2026-10-04 05:15,2.111
2026-10-04 05:30,2.111
2026-10-04 05:45,2.111
2026-10-04 06:00,2.111
2026-10-04 06:15,2.112
2026-10-04 06:30,2.112
2026-10-04 06:45,2.112
2026-10-04 07:00,2.112
2026-10-04 07:15,2.111
2026-10-04 07:30,2.111
2026-10-04 07:45,2.112
2026-10-04 08:00,2.112
2026-10-04 08:15,2.112
2026-10-04 08:30,2.111
2026-10-04 08:45,2.111
2026-10-04 09:00,2.112
2026-10-04 09:15,2.111
2026-10-04 09:30,2.111
2026-10-04 09:45,2.109
2026-10-04 10:00,2.108
2026-10-04 10:15,2.109
2026-10-04 10:30,2.108
2026-10-04 10:45,2.109
2026-10-04 11:00,2.108
2026-10-04 11:15,2.107
2026-10-04 11:30,2.109
2026-10-04 11:45,2.11
2026-10-04 12:00,2.107
2026-10-04 12:15,2.107
2026-10-04 12:30,2.109
2026-10-04 12:45,2.109
2026-10-04 13:00,2.108
2026-10-04 13:15,2.108
2026-10-04 13:30,2.108
2026-10-04 13:45,2.109
2026-10-04 14:00,2.109
2026-10-04 14:15,2.109
2026-10-04 14:30,2.109
2026-10-04 14:45,2.107
2026-10-04 15:00,2.107
2026-10-04 15:15,2.108
2026-10-04 15:30,2.109
2026-10-04 15:45,2.108
2026-10-04 16:00,2.107
2026-10-04 16:15,2.106
2026-10-04 16:30,2.107
2026-10-04 16:45,2.107
2026-10-04 17:00,2.107
2026-10-04 17:15,2.107
2026-10-04 17:30,2.107
2026-10-04 17:45,2.107
2026-10-04 18:00,2.106
2026-10-04 18:15,2.106
2026-10-04 18:30,2.107
2026-10-04 18:45,2.106
2026-10-04 19:00,2.108
2026-10-04 19:15,2.108
2026-10-04 19:30,2.108
2026-10-04 19:45,2.108
2026-10-04 20:00,2.108
2026-10-04 20:15,2.108
2026-10-04 20:30,2.108
2026-10-04 20:45,2.108
2026-10-04 21:00,2.107
2026-10-04 21:15,2.107
2026-10-04 21:30,2.107
2026-10-04 21:45,2.107
2026-10-04 22:00,2.107
2026-10-04 22:15,2.107
2026-10-04 22:30,2.108
2026-10-04 22:45,2.108
2026-10-04 23:00,2.107
2026-10-04 23:15,2.108
2026-10-04 23:30,2.108
2026-10-04 23:45,2.109
2026-10-05 00:00,2.109
2026-10-05 00:15,2.109
2026-10-05 00:30,2.109
2026-10-05 00:45,2.109
2026-10-05 01:00,2.11
2026-10-05 01:15,2.11
2026-10-05 01:30,2.11
2026-10-05 01:45,2.11
2026-10-05 02:00,2.11
2026-10-05 02:15,2.111
2026-10-05 02:30,2.111
2026-10-05 02:45,2.112
2026-10-05 03:00,2.111
2026-10-05 03:15,2.111
2026-10-05 03:30,2.112
2026-10-05 03:45,2.111
2026-10-05 04:00,2.113
2026-10-05 04:15,2.113
2026-10-05 04:30,2.112
2026-10-05 04:45,2.113
2026-10-05 05:00,2.113
2026-10-05 05:15,2.112
2026-10-05 05:30,2.114
2026-10-05 05:45,2.115
2026-10-05 06:00,2.113
2026-10-05 06:15,2.115
2026-10-05 06:30,2.114
2026-10-05 06:45,2.116
2026-10-05 07:00,2.117
2026-10-05 07:15,2.118
2026-10-05 07:30,2.117
2026-10-05 07:45,2.116
2026-10-05 08:00,2.117
2026-10-05 08:15,2.116
2026-10-05 08:30,2.115
2026-10-05 08:45,2.115
2026-10-05 09:00,2.115
2026-10-05 09:15,2.115
2026-10-05 09:30,2.114
2026-10-05 09:45,2.114
2026-10-05 10:00,2.115
2026-10-05 10:15,2.113
2026-10-05 10:30,2.115
2026-10-05 10:45,2.115
2026-10-05 11:00,2.115
2026-10-05 11:15,2.115
2026-10-05 11:30,2.116
2026-10-05 11:45,2.115
2026-10-05 12:00,2.116
2026-10-05 12:15,2.116
2026-10-05 12:30,2.115
2026-10-05 12:45,2.116
2026-10-05 13:00,2.115
2026-10-05 13:15,2.115
2026-10-05 13:30,2.115
2026-10-05 13:45,2.116
2026-10-05 14:00,2.114
2026-10-05 14:15,2.115
2026-10-05 14:30,2.115
2026-10-05 14:45,2.114
2026-10-05 15:00,2.115
2026-10-05 15:15,2.114
